{
  "epochs": [
    1,
    2,
    3,
    4,
    5,
    6,
    7,
    8,
    9,
    10,
    11
  ],
  "train_loss": [
    1.2979480147450237,
    1.219010978850154,
    1.1799918163370344,
    1.170820610414977,
    1.1768760485991658,
    1.2579918595763528,
    1.1953673691267814,
    1.1733905918308287,
    1.1572946865857379,
    1.1430856620192835,
    1.1386765947317532
  ],
  "train_acc": [
    0.4769874476987448,
    0.5146443514644351,
    0.5230125523012552,
    0.5230125523012552,
    0.5188284518828452,
    0.46443514644351463,
    0.4769874476987448,
    0.497907949790795,
    0.5146443514644351,
    0.5146443514644351,
    0.5230125523012552
  ],
  "val_loss": [
    1.2680210092799498,
    1.3332436079343206,
    1.2488009506207984,
    1.2208857309771581,
    1.2134491050842426,
    1.3670255743647621,
    1.4237689995238363,
    1.3806208441706154,
    1.2138453921385477,
    1.25021863863182,
    1.3372397960511606
  ],
  "val_acc": [
    0.55,
    0.6,
    0.6166666666666667,
    0.6,
    0.6,
    0.55,
    0.43333333333333335,
    0.45,
    0.6166666666666667,
    0.6,
    0.5833333333333334
  ],
  "best_val_acc": 0.6166666666666667,
  "best_val_acc_epoch": 3,
  "wall_time_seconds": 95.48486804962158,
  "args": {
    "data_dir": "data/sleep-edf-telemetry",
    "subjects": [
      "ST7011",
      "ST7022"
    ],
    "target_sampling_rate": 10,
    "val_ratio": 0.2,
    "split_mode": "time",
    "max_epochs": 30,
    "batch_size": 16,
    "learning_rate": 0.05,
    "patience": 8,
    "window_size": 1024,
    "stride": 2048,
    "model_out": "models/best_model.h5",
    "history_out": "models/training_history.json",
    "seed": 42,
    "verbose": false
  }
}